disruption_reason,services,total_delay_min,avg_delay_min,p95_delay_min,share_%,cum_share_%
WEATHER,2174,39754.6,18.286384544618215,49.9,28.44,28.44
TECHNICAL,1129,22739.9,20.14162976085031,53.33999999999996,16.27,44.71
NONE,3966,22502.6,5.673877962682804,15.8,16.1,60.81
PORT_CONGESTION,1686,19760.2,11.720166073546856,31.9,14.14,74.95
LATE_BOARDING,1413,14396.7,10.188747346072187,26.839999999999986,10.3,85.25
CREW,576,9073.0,15.75173611111111,39.25,6.49,91.74
SECURITY,491,6410.6,13.056211812627293,35.05,4.59,96.33
SUPPLY_ISSUE,379,5139.7,13.561213720316623,37.04999999999998,3.68,100.01
