disruption_reason,services,total_margin,avg_margin,avg_delay
SUPPLY_ISSUE,379,10217737.61,26959.72984168865,13.561213720316623
SECURITY,491,12856249.02,26183.806558044806,13.056211812627293
CREW,576,15444381.47,26813.162274305556,15.75173611111111
TECHNICAL,1129,29901259.64,26484.729530558016,20.14162976085031
LATE_BOARDING,1413,38204516.24,27037.874196744517,10.188747346072187
PORT_CONGESTION,1686,46492666.22,27575.721364175562,11.720166073546856
WEATHER,2174,60497102.58,27827.554084636613,18.286384544618215
NONE,3966,107035349.67,26988.23743570348,5.673877962682804
